{
  "petclinic-21-0" : {
    "transaction" : "petclinic-21-0",
    "sampleCount" : 418,
    "errorCount" : 0,
    "errorPct" : 0.0,
    "meanResTime" : 5528.416267942583,
    "medianResTime" : 4818.0,
    "minResTime" : 6.0,
    "maxResTime" : 17660.0,
    "pct1ResTime" : 14300.6,
    "pct2ResTime" : 16240.899999999998,
    "pct3ResTime" : 17459.33,
    "throughput" : 5.719524376393963,
    "receivedKBytesPerSec" : 27.357646870681283,
    "sentKBytesPerSec" : 2.6137875771383223
  },
  "petclinic-22-0" : {
    "transaction" : "petclinic-22-0",
    "sampleCount" : 432,
    "errorCount" : 0,
    "errorPct" : 0.0,
    "meanResTime" : 5178.256944444442,
    "medianResTime" : 4441.0,
    "minResTime" : 2.0,
    "maxResTime" : 17616.0,
    "pct1ResTime" : 13380.9,
    "pct2ResTime" : 15529.5,
    "pct3ResTime" : 17417.35,
    "throughput" : 6.082793579273444,
    "receivedKBytesPerSec" : 1.8771120811039146,
    "sentKBytesPerSec" : 3.74828393410307
  },
  "petclinic-22-1" : {
    "transaction" : "petclinic-22-1",
    "sampleCount" : 432,
    "errorCount" : 0,
    "errorPct" : 0.0,
    "meanResTime" : 4034.499999999999,
    "medianResTime" : 1944.5,
    "minResTime" : 5.0,
    "maxResTime" : 17651.0,
    "pct1ResTime" : 12437.6,
    "pct2ResTime" : 15063.04999999998,
    "pct3ResTime" : 16869.260000000002,
    "throughput" : 5.873395692843158,
    "receivedKBytesPerSec" : 32.16601859908636,
    "sentKBytesPerSec" : 3.676608046008266
  },
  "petclinic-4" : {
    "transaction" : "petclinic-4",
    "sampleCount" : 1000,
    "errorCount" : 0,
    "errorPct" : 0.0,
    "meanResTime" : 10726.332000000011,
    "medianResTime" : 8265.5,
    "minResTime" : 120.0,
    "maxResTime" : 43937.0,
    "pct1ResTime" : 21896.9,
    "pct2ResTime" : 27107.149999999994,
    "pct3ResTime" : 39410.630000000005,
    "throughput" : 18.422313105633542,
    "receivedKBytesPerSec" : 8659.134819092886,
    "sentKBytesPerSec" : 51.27303940532774
  },
  "petclinic-20" : {
    "transaction" : "petclinic-20",
    "sampleCount" : 445,
    "errorCount" : 0,
    "errorPct" : 0.0,
    "meanResTime" : 5208.168539325842,
    "medianResTime" : 4108.0,
    "minResTime" : 6.0,
    "maxResTime" : 17648.0,
    "pct1ResTime" : 13924.200000000003,
    "pct2ResTime" : 16094.099999999999,
    "pct3ResTime" : 17252.640000000003,
    "throughput" : 6.169501864714609,
    "receivedKBytesPerSec" : 29.268984432405826,
    "sentKBytesPerSec" : 2.784263914306312
  },
  "petclinic-21" : {
    "transaction" : "petclinic-21",
    "sampleCount" : 418,
    "errorCount" : 0,
    "errorPct" : 0.0,
    "meanResTime" : 5528.416267942583,
    "medianResTime" : 4818.0,
    "minResTime" : 6.0,
    "maxResTime" : 17660.0,
    "pct1ResTime" : 14300.6,
    "pct2ResTime" : 16240.899999999998,
    "pct3ResTime" : 17459.33,
    "throughput" : 5.719524376393963,
    "receivedKBytesPerSec" : 27.357646870681283,
    "sentKBytesPerSec" : 2.6137875771383223
  },
  "petclinic-22" : {
    "transaction" : "petclinic-22",
    "sampleCount" : 432,
    "errorCount" : 0,
    "errorPct" : 0.0,
    "meanResTime" : 9212.96064814815,
    "medianResTime" : 5701.0,
    "minResTime" : 10.0,
    "maxResTime" : 31075.0,
    "pct1ResTime" : 22524.7,
    "pct2ResTime" : 27970.39999999999,
    "pct3ResTime" : 30656.390000000003,
    "throughput" : 5.867492461902046,
    "receivedKBytesPerSec" : 33.944360687800504,
    "sentKBytesPerSec" : 7.288525792518946
  },
  "petclinic-20-0" : {
    "transaction" : "petclinic-20-0",
    "sampleCount" : 445,
    "errorCount" : 0,
    "errorPct" : 0.0,
    "meanResTime" : 5208.168539325842,
    "medianResTime" : 4108.0,
    "minResTime" : 6.0,
    "maxResTime" : 17648.0,
    "pct1ResTime" : 13924.200000000003,
    "pct2ResTime" : 16094.099999999999,
    "pct3ResTime" : 17252.640000000003,
    "throughput" : 6.169501864714609,
    "receivedKBytesPerSec" : 29.268984432405826,
    "sentKBytesPerSec" : 2.784263914306312
  },
  "petclinic-4-4" : {
    "transaction" : "petclinic-4-4",
    "sampleCount" : 1000,
    "errorCount" : 0,
    "errorPct" : 0.0,
    "meanResTime" : 1814.5740000000014,
    "medianResTime" : 1263.0,
    "minResTime" : 2.0,
    "maxResTime" : 6402.0,
    "pct1ResTime" : 4880.6,
    "pct2ResTime" : 5054.95,
    "pct3ResTime" : 5309.92,
    "throughput" : 36.00100802822479,
    "receivedKBytesPerSec" : 2392.7310589696513,
    "sentKBytesPerSec" : 14.098050995427872
  },
  "petclinic-4-3" : {
    "transaction" : "petclinic-4-3",
    "sampleCount" : 1000,
    "errorCount" : 0,
    "errorPct" : 0.0,
    "meanResTime" : 1323.2160000000001,
    "medianResTime" : 532.0,
    "minResTime" : 5.0,
    "maxResTime" : 5327.0,
    "pct1ResTime" : 4059.799999999998,
    "pct2ResTime" : 4525.499999999999,
    "pct3ResTime" : 5112.9400000000005,
    "throughput" : 42.60758414997869,
    "receivedKBytesPerSec" : 12011.59392309331,
    "sentKBytesPerSec" : 16.76841446527482
  },
  "petclinic-4-6" : {
    "transaction" : "petclinic-4-6",
    "sampleCount" : 1000,
    "errorCount" : 0,
    "errorPct" : 0.0,
    "meanResTime" : 2236.9330000000027,
    "medianResTime" : 820.0,
    "minResTime" : 2.0,
    "maxResTime" : 14366.0,
    "pct1ResTime" : 5300.8,
    "pct2ResTime" : 8632.649999999996,
    "pct3ResTime" : 12480.960000000003,
    "throughput" : 19.759331344227313,
    "receivedKBytesPerSec" : 1564.6534583769685,
    "sentKBytesPerSec" : 8.31667168883005
  },
  "petclinic-4-5" : {
    "transaction" : "petclinic-4-5",
    "sampleCount" : 1000,
    "errorCount" : 0,
    "errorPct" : 0.0,
    "meanResTime" : 1970.634000000002,
    "medianResTime" : 868.5,
    "minResTime" : 1.0,
    "maxResTime" : 9067.0,
    "pct1ResTime" : 5019.0,
    "pct2ResTime" : 5271.849999999999,
    "pct3ResTime" : 8830.95,
    "throughput" : 27.260583921707603,
    "receivedKBytesPerSec" : 222.05129930758116,
    "sentKBytesPerSec" : 10.861638906305373
  },
  "petclinic-4-0" : {
    "transaction" : "petclinic-4-0",
    "sampleCount" : 1000,
    "errorCount" : 0,
    "errorPct" : 0.0,
    "meanResTime" : 914.7799999999995,
    "medianResTime" : 693.0,
    "minResTime" : 4.0,
    "maxResTime" : 3524.0,
    "pct1ResTime" : 2105.9,
    "pct2ResTime" : 2429.9999999999986,
    "pct3ResTime" : 3043.7000000000003,
    "throughput" : 77.74236181295188,
    "receivedKBytesPerSec" : 224.26849296431627,
    "sentKBytesPerSec" : 28.54602347819327
  },
  "petclinic-4-2" : {
    "transaction" : "petclinic-4-2",
    "sampleCount" : 1000,
    "errorCount" : 0,
    "errorPct" : 0.0,
    "meanResTime" : 876.5030000000006,
    "medianResTime" : 97.5,
    "minResTime" : 1.0,
    "maxResTime" : 4784.0,
    "pct1ResTime" : 2281.4999999999995,
    "pct2ResTime" : 3211.7499999999995,
    "pct3ResTime" : 4279.95,
    "throughput" : 50.686806224339804,
    "receivedKBytesPerSec" : 1551.0954685995237,
    "sentKBytesPerSec" : 21.13600220487607
  },
  "petclinic-4-1" : {
    "transaction" : "petclinic-4-1",
    "sampleCount" : 1000,
    "errorCount" : 0,
    "errorPct" : 0.0,
    "meanResTime" : 865.3560000000001,
    "medianResTime" : 488.5,
    "minResTime" : 1.0,
    "maxResTime" : 3169.0,
    "pct1ResTime" : 2018.0,
    "pct2ResTime" : 2182.0,
    "pct3ResTime" : 2530.94,
    "throughput" : 63.399480124262986,
    "receivedKBytesPerSec" : 53.43139780003804,
    "sentKBytesPerSec" : 25.01307614277563
  },
  "petclinic-14" : {
    "transaction" : "petclinic-14",
    "sampleCount" : 1236,
    "errorCount" : 102,
    "errorPct" : 8.252427,
    "meanResTime" : 6342.564724919093,
    "medianResTime" : 4828.0,
    "minResTime" : 10.0,
    "maxResTime" : 18634.0,
    "pct1ResTime" : 15023.9,
    "pct2ResTime" : 16911.199999999997,
    "pct3ResTime" : 18059.679999999997,
    "throughput" : 16.877176213559093,
    "receivedKBytesPerSec" : 77.53462206424524,
    "sentKBytesPerSec" : 7.579650483034069
  },
  "petclinic-15" : {
    "transaction" : "petclinic-15",
    "sampleCount" : 711,
    "errorCount" : 0,
    "errorPct" : 0.0,
    "meanResTime" : 6000.949367088612,